cond1,cond2,cond3,total,defects,defect_rate_pct,lift_vs_avg,excess_defects_vs_avg,reliability,var1,var2,var3,rank_score
"A_Hopper_Temperature=(15.299000000000001, 23.8]","S_Inj_Pressure_04=(3.5, 4.0]","VALUE2=(0.999, 19.0]",2092,965,46.12810707456979,9.081096663852401,858.7353013935846,high,A_Hopper_Temperature,S_Inj_Pressure_04,VALUE2,1984.2470742805224
"A_Barrel_Temperature_4=(20.898999999999997, 32.6]","S_Inj_Pressure_04=(3.5, 4.0]","VALUE2=(0.999, 19.0]",1738,919,52.87686996547756,10.409704579080298,830.7169951348232,high,A_Barrel_Temperature_4,S_Inj_Pressure_04,VALUE2,2022.3508449108974
"VALUE1=(30.999, 35.0]","VALUE2=(0.999, 19.0]","VALUE3=(82.5, 512.0]",875,863,98.62857142857143,19.41669944341373,818.5537230972211,medium,VALUE1,VALUE2,VALUE3,2469.0471143258246
"S_Inj_Pressure_04=(3.5, 4.0]","VALUE1=(30.999, 35.0]","VALUE3=(82.5, 512.0]",874,862,98.62700228832952,19.416390531665133,817.6045188422528,medium,S_Inj_Pressure_04,VALUE1,VALUE3,2466.171608332308
"S_Inj_Pressure_04=(3.5, 4.0]","VALUE2=(0.999, 19.0]","VALUE3=(82.5, 512.0]",874,862,98.62700228832952,19.416390531665133,817.6045188422528,medium,S_Inj_Pressure_04,VALUE2,VALUE3,2466.171608332308
"S_Inj_Pressure_04=(3.5, 4.0]","VALUE1=(30.999, 35.0]","VALUE2=(0.999, 19.0]",2191,880,40.16430853491556,7.907022233813654,768.7065226354416,high,S_Inj_Pressure_04,VALUE1,VALUE2,1681.038157096848
"A_Barrel_Temperature_4=(20.898999999999997, 32.6]","VALUE2=(0.999, 19.0]","VALUE3=(82.5, 512.0]",798,786,98.49624060150376,19.39064788594864,745.4649954646657,medium,A_Barrel_Temperature_4,VALUE2,VALUE3,2247.633884117975
"A_Barrel_Temperature_4=(20.898999999999997, 32.6]","S_Inj_Pressure_04=(3.5, 4.0]","VALUE3=(82.5, 512.0]",797,785,98.49435382685068,19.390276442503545,744.5157912096973,medium,A_Barrel_Temperature_4,S_Inj_Pressure_04,VALUE3,2244.758398315681
"A_Barrel_Temperature_4=(20.898999999999997, 32.6]","VALUE1=(30.999, 35.0]","VALUE3=(82.5, 512.0]",975,786,80.61538461538461,15.8704995004995,736.4741485940464,medium,A_Barrel_Temperature_4,VALUE1,VALUE3,2080.9566860083764
"A_Barrel_Temperature_4=(20.898999999999997, 32.6]","A_Hopper_Temperature=(15.299000000000001, 23.8]","S_Inj_Pressure_04=(3.5, 4.0]",1657,812,49.00422450211225,9.647308937290834,727.8314504823946,high,A_Barrel_Temperature_4,A_Hopper_Temperature,S_Inj_Pressure_04,1721.544954405008
"A_Barrel_Temperature_4=(20.898999999999997, 32.6]","S_Inj_Pressure_04=(3.5, 4.0]","VALUE1=(30.999, 35.0]",1642,802,48.84287454323995,9.615544473796605,718.5933866578708,high,A_Barrel_Temperature_4,S_Inj_Pressure_04,VALUE1,1697.5470884620804
"A_Hopper_Temperature=(15.299000000000001, 23.8]","VALUE2=(0.999, 19.0]","VALUE3=(82.5, 512.0]",769,757,98.43953185955787,19.379483812676273,717.9380720705863,medium,A_Hopper_Temperature,VALUE2,VALUE3,2164.244922607142
"A_Hopper_Temperature=(15.299000000000001, 23.8]","S_Inj_Pressure_04=(3.5, 4.0]","VALUE3=(82.5, 512.0]",768,756,98.4375,19.379083806818183,716.988867815618,medium,A_Hopper_Temperature,S_Inj_Pressure_04,VALUE3,2161.369446036631
"A_Hopper_Temperature=(15.299000000000001, 23.8]","VALUE1=(30.999, 35.0]","VALUE3=(82.5, 512.0]",820,757,92.31707317073172,18.17417445359519,715.3474890739672,medium,A_Hopper_Temperature,VALUE1,VALUE3,2112.824800858265
"A_Barrel_Temperature_4=(20.898999999999997, 32.6]","VALUE1=(30.999, 35.0]","VALUE2=(0.999, 19.0]",2578,821,31.846392552366176,6.2695000403010495,690.0485693081554,high,A_Barrel_Temperature_4,VALUE1,VALUE2,1368.8407343942974
"A_Hopper_Temperature=(15.299000000000001, 23.8]","S_Inj_Pressure_04=(3.5, 4.0]","VALUE1=(30.999, 35.0]",1942,774,39.85581874356334,7.846290810116764,675.3546631483466,high,A_Hopper_Temperature,S_Inj_Pressure_04,VALUE1,1472.271986267653
"A_Barrel_Temperature_4=(20.898999999999997, 32.6]","A_Hopper_Temperature=(15.299000000000001, 23.8]","VALUE3=(82.5, 512.0]",700,688,98.28571428571429,19.349202226345085,652.4429784777768,medium,A_Barrel_Temperature_4,A_Hopper_Temperature,VALUE3,1965.83790656078
"A_Average_Back_Pressure=(112.0, 117.0]","S_Inj_Pressure_04=(3.5, 4.0]","VALUE2=(0.999, 19.0]",884,690,78.05429864253394,15.366306487630018,645.0965613919353,medium,A_Average_Back_Pressure,S_Inj_Pressure_04,VALUE2,1803.189867462328
"A_Hopper_Temperature=(15.299000000000001, 23.8]","VALUE1=(30.999, 35.0]","VALUE2=(0.999, 19.0]",3077,793,25.77185570360741,5.073624904507258,636.7014925373135,high,A_Hopper_Temperature,VALUE1,VALUE2,1148.5812296365136
"A_Barrel_Temperature_4=(20.898999999999997, 32.6]","A_Hopper_Temperature=(15.299000000000001, 23.8]","VALUE2=(0.999, 19.0]",3813,826,21.66273275635982,4.264674677538564,632.3158241939474,high,A_Barrel_Temperature_4,A_Hopper_Temperature,VALUE2,1050.288821849107
"A_Barrel_Temperature_4=(20.898999999999997, 32.6]","A_Hopper_Temperature=(15.299000000000001, 23.8]","VALUE1=(30.999, 35.0]",2285,723,31.64113785557987,6.229092187899629,606.9317226024573,high,A_Barrel_Temperature_4,A_Hopper_Temperature,VALUE1,1200.5798136941096
"A_Mold_Temperature_1=(91.2, 95.4]","S_Inj_Pressure_04=(3.5, 4.0]","VALUE2=(0.999, 19.0]",1064,622,58.45864661654135,11.508571550629823,567.9533272862209,high,A_Mold_Temperature_1,S_Inj_Pressure_04,VALUE2,1434.8853131432293
"A_Average_Back_Pressure=(112.0, 117.0]","A_Hopper_Temperature=(15.299000000000001, 23.8]","S_Inj_Pressure_04=(3.5, 4.0]",802,590,73.56608478802993,14.482725815331802,549.2618124845386,medium,A_Average_Back_Pressure,A_Hopper_Temperature,S_Inj_Pressure_04,1504.8262856613671
"A_Average_Back_Pressure=(112.0, 117.0]","A_Barrel_Temperature_4=(20.898999999999997, 32.6]","VALUE2=(0.999, 19.0]",1138,597,52.46045694200352,10.327726645059688,539.1944421538715,high,A_Average_Back_Pressure,A_Barrel_Temperature_4,VALUE2,1308.7615460799575
"VALUE1=(30.999, 35.0]","VALUE3=(82.5, 512.0]",VALUE5=18,569,559,98.24253075571178,19.340700819391508,530.0972210769357,medium,VALUE1,VALUE3,VALUE5,1596.9835285211134
"VALUE2=(0.999, 19.0]","VALUE3=(82.5, 512.0]",VALUE5=18,569,559,98.24253075571178,19.340700819391508,530.0972210769357,medium,VALUE2,VALUE3,VALUE5,1596.9835285211134
"S_Inj_Pressure_04=(3.5, 4.0]","VALUE3=(82.5, 512.0]",VALUE5=18,568,558,98.23943661971832,19.340091686482534,529.1480168219675,medium,S_Inj_Pressure_04,VALUE3,VALUE5,1594.1080867773069
"A_Mold_Temperature_1=(91.2, 95.4]","S_Inj_Pressure_04=(3.5, 4.0]","VALUE3=(82.5, 512.0]",557,557,100.0,19.686688311688314,528.7067700173168,medium,A_Mold_Temperature_1,S_Inj_Pressure_04,VALUE3,1601.7120930006422
"A_Mold_Temperature_1=(91.2, 95.4]","VALUE2=(0.999, 19.0]","VALUE3=(82.5, 512.0]",557,557,100.0,19.686688311688314,528.7067700173168,medium,A_Mold_Temperature_1,VALUE2,VALUE3,1601.7120930006422
"VALUE1=(30.999, 35.0]","VALUE2=(0.999, 19.0]",VALUE5=18,1004,578,57.56972111553785,11.333571557924149,527.0010719881257,high,VALUE1,VALUE2,VALUE5,1323.9979361919882
"A_Cushion_Position=(2.24, 15.07]","VALUE2=(0.999, 19.0]","VALUE3=(82.5, 512.0]",567,555,97.88359788359789,19.270038823610253,526.1988125669992,medium,A_Cushion_Position,VALUE2,VALUE3,1583.4079342817026
"A_Cushion_Position=(2.24, 15.07]","S_Inj_Pressure_04=(3.5, 4.0]","VALUE3=(82.5, 512.0]",566,554,97.87985865724382,19.26930269377266,525.249608312031,medium,A_Cushion_Position,S_Inj_Pressure_04,VALUE3,1580.5325667193172
"A_Average_Back_Pressure=(112.0, 117.0]","A_Hopper_Temperature=(15.299000000000001, 23.8]","VALUE2=(0.999, 19.0]",1295,591,45.63706563706564,8.984426866569725,525.2195101838872,high,A_Average_Back_Pressure,A_Hopper_Temperature,VALUE2,1208.544045798126
"A_Cushion_Position=(2.24, 15.07]","A_Hopper_Temperature=(15.299000000000001, 23.8]","VALUE3=(82.5, 512.0]",565,553,97.87610619469027,19.26856395816573,524.3004040570628,medium,A_Cushion_Position,A_Hopper_Temperature,VALUE3,1577.6572000043861
"A_Average_Back_Pressure=(112.0, 117.0]","A_Barrel_Temperature_4=(20.898999999999997, 32.6]","S_Inj_Pressure_04=(3.5, 4.0]",733,561,76.53478854024557,15.06716526992789,523.7667188917292,medium,A_Average_Back_Pressure,A_Barrel_Temperature_4,S_Inj_Pressure_04,1454.3837792252662
"A_Cushion_Position=(2.24, 15.07]","S_Inj_Pressure_04=(3.5, 4.0]","VALUE2=(0.999, 19.0]",1000,574,57.4,11.30015909090909,523.2042549682527,high,A_Cushion_Position,S_Inj_Pressure_04,VALUE2,1313.0397795368588
"A_Cushion_Position=(2.24, 15.07]","VALUE1=(30.999, 35.0]","VALUE3=(82.5, 512.0]",651,555,85.25345622119815,16.78358220120893,521.9319699843325,medium,A_Cushion_Position,VALUE1,VALUE3,1502.264097608778
"A_Cushion_Position=(2.24, 15.07]","S_Inj_Pressure_04=(3.5, 4.0]","VALUE1=(30.999, 35.0]",998,572,57.31462925851704,11.283352419123963,521.3058464583162,medium,A_Cushion_Position,S_Inj_Pressure_04,VALUE1,1307.5627222541536
"A_Cushion_Position=(2.24, 15.07]","A_Hopper_Temperature=(15.299000000000001, 23.8]","S_Inj_Pressure_04=(3.5, 4.0]",1068,573,53.65168539325843,10.562240077338393,518.7501443060938,high,A_Cushion_Position,A_Hopper_Temperature,S_Inj_Pressure_04,1269.7678762957964
"S_Inj_Pressure_04=(3.5, 4.0]","VALUE2=(0.999, 19.0]",VALUE5=18,902,564,62.52771618625277,12.309636594004665,518.1822379813639,medium,S_Inj_Pressure_04,VALUE2,VALUE5,1341.3086752082854
"S_Inj_Pressure_04=(3.5, 4.0]","VALUE1=(30.999, 35.0]",VALUE5=18,897,559,62.31884057971014,12.26851590438547,513.4362167065226,medium,S_Inj_Pressure_04,VALUE1,VALUE5,1327.4349159483868
"A_Cushion_Position=(2.24, 15.07]","A_Hopper_Temperature=(15.299000000000001, 23.8]","VALUE1=(30.999, 35.0]",1627,591,36.32452366318377,7.151095754276455,508.3553228333471,high,A_Cushion_Position,A_Hopper_Temperature,VALUE1,1066.6069236728733
"A_Cushion_Position=(2.24, 15.07]","VALUE1=(30.999, 35.0]","VALUE2=(0.999, 19.0]",1639,591,36.05857230018304,7.098738738381814,507.7457738929661,high,A_Cushion_Position,VALUE1,VALUE2,1062.0560689596846
"A_Mold_Temperature_1=(91.2, 95.4]","S_Inj_Pressure_04=(3.5, 4.0]","VALUE1=(30.999, 35.0]",999,557,55.75575575575576,10.976461851461853,506.2550507132844,medium,A_Mold_Temperature_1,S_Inj_Pressure_04,VALUE1,1257.0025412663174
"A_Average_Back_Pressure=(112.0, 117.0]","S_Inj_Pressure_04=(3.5, 4.0]","VALUE1=(30.999, 35.0]",850,541,63.64705882352941,12.529998090145149,497.82361672301477,medium,A_Average_Back_Pressure,S_Inj_Pressure_04,VALUE1,1296.785369472004
"A_Average_Back_Pressure=(112.0, 117.0]","S_Inj_Pressure_04=(3.5, 4.0]","VALUE3=(82.5, 512.0]",527,524,99.43074003795066,19.574619877276426,497.2306423682692,medium,A_Average_Back_Pressure,S_Inj_Pressure_04,VALUE3,1503.6544368532561
"A_Average_Back_Pressure=(112.0, 117.0]","VALUE2=(0.999, 19.0]","VALUE3=(82.5, 512.0]",527,524,99.43074003795066,19.574619877276426,497.2306423682692,medium,A_Average_Back_Pressure,VALUE2,VALUE3,1503.6544368532561
"A_Barrel_Temperature_4=(20.898999999999997, 32.6]","VALUE3=(82.5, 512.0]",VALUE5=18,531,521,98.11676082862523,19.315940885856143,494.0274593881422,medium,A_Barrel_Temperature_4,VALUE3,VALUE5,1487.717177903374
"A_Barrel_Temperature_4=(20.898999999999997, 32.6]","VALUE1=(30.999, 35.0]",VALUE5=18,946,539,56.97674418604651,11.21683403805497,490.947225199967,medium,A_Barrel_Temperature_4,VALUE1,VALUE5,1228.7500007993065
"A_Mold_Temperature_1=(91.2, 95.4]","VALUE1=(30.999, 35.0]","VALUE2=(0.999, 19.0]",1394,557,39.95695839311335,7.866201857683207,486.1907314257442,high,A_Mold_Temperature_1,VALUE1,VALUE2,1060.9880237752848
"A_Barrel_Temperature_4=(20.898999999999997, 32.6]","A_Mold_Temperature_1=(91.2, 95.4]","S_Inj_Pressure_04=(3.5, 4.0]",873,526,60.25200458190149,11.861624343583106,481.6553145872846,medium,A_Barrel_Temperature_4,A_Mold_Temperature_1,S_Inj_Pressure_04,1230.2671338953055
"A_Barrel_Temperature_4=(20.898999999999997, 32.6]","A_Cushion_Position=(2.24, 15.07]","VALUE3=(82.5, 512.0]",530,507,95.66037735849056,18.832360328350894,480.0782551331739,medium,A_Barrel_Temperature_4,A_Cushion_Position,VALUE3,1434.1449552608503
"A_Mold_Temperature_1=(91.2, 95.4]","VALUE1=(30.999, 35.0]","VALUE3=(82.5, 512.0]",1541,557,36.14536015574302,7.115824392998306,478.72375690607737,high,A_Mold_Temperature_1,VALUE1,VALUE3,1002.3593586694886
"A_Barrel_Temperature_4=(20.898999999999997, 32.6]","S_Inj_Pressure_04=(3.5, 4.0]",VALUE5=18,839,520,61.97854588796186,12.201523149079764,477.38236991836396,medium,A_Barrel_Temperature_4,S_Inj_Pressure_04,VALUE5,1231.8051070268486
"A_Barrel_Temperature_4=(20.898999999999997, 32.6]","A_Cushion_Position=(2.24, 15.07]","S_Inj_Pressure_04=(3.5, 4.0]",989,527,53.28614762386249,10.490277796015917,476.76300816360185,medium,A_Barrel_Temperature_4,A_Cushion_Position,S_Inj_Pressure_04,1164.017489332772
"A_Barrel_Temperature_4=(20.898999999999997, 32.6]","A_Cushion_Position=(2.24, 15.07]","VALUE1=(30.999, 35.0]",1394,542,38.88091822094692,7.654365182880247,471.1907314257442,high,A_Barrel_Temperature_4,A_Cushion_Position,VALUE1,1016.8596787961588
"A_Average_Back_Pressure=(112.0, 117.0]","VALUE1=(30.999, 35.0]","VALUE2=(0.999, 19.0]",1537,542,35.263500325309046,6.9422153968347855,463.9269398862043,high,A_Average_Back_Pressure,VALUE1,VALUE2,961.3458110567502
"A_Hopper_Temperature=(15.299000000000001, 23.8]","A_Mold_Temperature_1=(91.2, 95.4]","S_Inj_Pressure_04=(3.5, 4.0]",934,508,54.389721627408996,10.707534970382937,460.556774140348,medium,A_Hopper_Temperature,A_Mold_Temperature_1,S_Inj_Pressure_04,1133.0768124941123
"A_Average_Back_Pressure=(112.0, 117.0]","A_Hopper_Temperature=(15.299000000000001, 23.8]","VALUE1=(30.999, 35.0]",1303,519,39.83115886415963,7.841436096520518,452.81314422363323,high,A_Average_Back_Pressure,A_Hopper_Temperature,VALUE1,986.8832982748648
"A_Barrel_Temperature_4=(20.898999999999997, 32.6]","A_Mold_Temperature_1=(91.2, 95.4]","VALUE2=(0.999, 19.0]",1398,521,37.26752503576538,7.336741495271539,449.9875484456172,high,A_Barrel_Temperature_4,A_Mold_Temperature_1,VALUE2,954.276188742407
"A_Barrel_Temperature_4=(20.898999999999997, 32.6]","A_Mold_Temperature_1=(91.2, 95.4]","VALUE3=(82.5, 512.0]",619,480,77.54442649434571,15.265929547028094,448.5574338253484,medium,A_Barrel_Temperature_4,A_Mold_Temperature_1,VALUE3,1251.0592968467377
"A_Hopper_Temperature=(15.299000000000001, 23.8]","VALUE3=(82.5, 512.0]",VALUE5=18,481,471,97.92099792099792,19.277401652401654,446.56724663972955,medium,A_Hopper_Temperature,VALUE3,VALUE5,1343.9472756616403
"A_Hopper_Temperature=(15.299000000000001, 23.8]","VALUE1=(30.999, 35.0]",VALUE5=18,915,490,53.551912568306015,10.542598112270245,443.5218932959512,medium,A_Hopper_Temperature,VALUE1,VALUE5,1084.8742324860605
"A_Cushion_Position=(2.24, 15.07]","A_Hopper_Temperature=(15.299000000000001, 23.8]","VALUE2=(0.999, 19.0]",3006,591,19.660678642714572,3.87053652435389,438.3079904345675,high,A_Cushion_Position,A_Hopper_Temperature,VALUE2,693.9310076494521
"A_Barrel_Temperature_4=(20.898999999999997, 32.6]","VALUE2=(0.999, 19.0]",VALUE5=18,1983,539,27.18103883005547,5.351046394351992,438.27203760204503,high,A_Barrel_Temperature_4,VALUE2,VALUE5,810.1982726375483
"A_Hopper_Temperature=(15.299000000000001, 23.8]","S_Inj_Pressure_04=(3.5, 4.0]",VALUE5=18,814,476,58.47665847665847,11.512117489390217,434.6522635441577,medium,A_Hopper_Temperature,S_Inj_Pressure_04,VALUE5,1098.2348197852343
"A_Hopper_Temperature=(15.299000000000001, 23.8]","A_Mold_Temperature_1=(91.2, 95.4]","VALUE2=(0.999, 19.0]",1455,502,34.50171821305842,6.792245726781809,428.0921909788076,high,A_Hopper_Temperature,A_Mold_Temperature_1,VALUE2,878.9285354752611
"A_Hopper_Temperature=(15.299000000000001, 23.8]","A_Mold_Temperature_1=(91.2, 95.4]","VALUE3=(82.5, 512.0]",451,451,100.0,19.686688311688314,428.09111899068193,medium,A_Hopper_Temperature,A_Mold_Temperature_1,VALUE3,1296.8979424475574
"A_Average_Back_Pressure=(112.0, 117.0]","A_Barrel_Temperature_4=(20.898999999999997, 32.6]","VALUE3=(82.5, 512.0]",631,457,72.42472266244057,14.258029411159363,424.94788488496744,medium,A_Average_Back_Pressure,A_Barrel_Temperature_4,VALUE3,1158.0279811770479
"A_Barrel_Temperature_4=(20.898999999999997, 32.6]","A_Mold_Temperature_1=(91.2, 95.4]","VALUE1=(30.999, 35.0]",1160,480,41.37931034482759,8.146215853112405,421.0769357631731,high,A_Barrel_Temperature_4,A_Mold_Temperature_1,VALUE1,931.9865200722879
"A_Average_Back_Pressure=(112.0, 117.0]","A_Barrel_Temperature_4=(20.898999999999997, 32.6]","VALUE1=(30.999, 35.0]",1120,474,42.32142857142857,8.331687731910947,417.108765564443,high,A_Average_Back_Pressure,A_Barrel_Temperature_4,VALUE1,931.577345505487
"A_Mold_Temperature_1=(61.599000000000004, 91.2]","S_Inj_Pressure_04=(3.5, 4.0]","VALUE2=(0.999, 19.0]",1008,463,45.932539682539684,9.042595920944136,411.79788900799866,high,A_Mold_Temperature_1,S_Inj_Pressure_04,VALUE2,949.9500463076402
"A_Hopper_Temperature=(15.299000000000001, 23.8]","A_Mold_Temperature_1=(61.599000000000004, 91.2]","S_Inj_Pressure_04=(3.5, 4.0]",1029,463,44.99514091350826,8.858053147047317,410.731178362332,high,A_Hopper_Temperature,A_Mold_Temperature_1,S_Inj_Pressure_04,939.8715139908718
"A_Average_Back_Pressure=(112.0, 117.0]","VALUE1=(30.999, 35.0]","VALUE3=(82.5, 512.0]",2230,524,23.49775784753363,4.625930347679227,410.72548857920344,high,A_Average_Back_Pressure,VALUE1,VALUE3,709.4815941724132
"A_Average_Back_Pressure=(112.0, 117.0]","A_Barrel_Temperature_4=(20.898999999999997, 32.6]","A_Hopper_Temperature=(15.299000000000001, 23.8]",1422,482,33.895921237693386,6.672984364440061,409.7684505648553,high,A_Average_Back_Pressure,A_Barrel_Temperature_4,A_Hopper_Temperature,834.987480948054
"A_Average_Back_Pressure=(112.0, 117.0]","A_Hopper_Temperature=(15.299000000000001, 23.8]","VALUE3=(82.5, 512.0]",481,433,90.02079002079002,17.722112347112347,408.56724663972955,medium,A_Average_Back_Pressure,A_Hopper_Temperature,VALUE3,1196.9816294143518
"A_Barrel_Temperature_4=(20.898999999999997, 32.6]","A_Cushion_Position=(2.24, 15.07]","VALUE2=(0.999, 19.0]",2746,544,19.810633648943917,3.900057699038034,404.5148841428218,high,A_Barrel_Temperature_4,A_Cushion_Position,VALUE2,642.8740581351148
"A_Hopper_Temperature=(15.299000000000001, 23.8]","VALUE2=(0.999, 19.0]",VALUE5=18,1831,495,27.03440742763517,5.322179527190451,401.9929908468706,high,A_Hopper_Temperature,VALUE2,VALUE5,741.3008069360961
"A_Hopper_Temperature=(15.299000000000001, 23.8]","A_Mold_Temperature_1=(91.2, 95.4]","VALUE1=(30.999, 35.0]",1098,451,41.07468123861566,8.086244470465783,395.22627195514144,high,A_Hopper_Temperature,A_Mold_Temperature_1,VALUE1,872.1701892144081
"A_Average_Back_Pressure=(112.0, 117.0]","A_Mold_Temperature_1=(91.2, 95.4]","S_Inj_Pressure_04=(3.5, 4.0]",542,420,77.49077490774908,15.255367326400538,392.4687061927929,medium,A_Average_Back_Pressure,A_Mold_Temperature_1,S_Inj_Pressure_04,1094.3688264887105
"A_Hopper_Temperature=(15.299000000000001, 23.8]","A_Mold_Temperature_1=(61.599000000000004, 91.2]","VALUE2=(0.999, 19.0]",1877,482,25.679275439531168,5.0553989164804305,386.65638657541024,high,A_Hopper_Temperature,A_Mold_Temperature_1,VALUE2,696.3489187718169
"A_Average_Back_Pressure=(112.0, 117.0]","A_Mold_Temperature_1=(91.2, 95.4]","VALUE2=(0.999, 19.0]",745,420,56.375838926174495,11.098535692495425,382.15716995134824,medium,A_Average_Back_Pressure,A_Mold_Temperature_1,VALUE2,952.7500895040856
"A_Barrel_Temperature_4=(20.898999999999997, 32.6]","A_Cushion_Position=(2.24, 15.07]","A_Hopper_Temperature=(15.299000000000001, 23.8]",3467,552,15.921546005191809,3.134425136444173,375.891151974932,high,A_Barrel_Temperature_4,A_Cushion_Position,A_Hopper_Temperature,533.5204656523363
"A_Barrel_Temperature_4=(20.898999999999997, 32.6]","A_Hopper_Temperature=(15.299000000000001, 23.8]",VALUE5=18,2064,468,22.674418604651162,4.46384211718514,363.1575822544735,high,A_Barrel_Temperature_4,A_Hopper_Temperature,VALUE5,616.696856967717
"A_Barrel_Temperature_4=(20.898999999999997, 32.6]","A_Mold_Temperature_1=(61.599000000000004, 91.2]","S_Inj_Pressure_04=(3.5, 4.0]",905,398,43.97790055248619,8.657792207792209,352.02985074626866,medium,A_Barrel_Temperature_4,A_Mold_Temperature_1,S_Inj_Pressure_04,798.3209998888597
"A_Hopper_Temperature=(15.299000000000001, 23.8]","A_Mold_Temperature_1=(61.599000000000004, 91.2]","VALUE1=(30.999, 35.0]",1434,413,28.800557880055788,5.66987606187397,340.1589016244743,high,A_Hopper_Temperature,A_Mold_Temperature_1,VALUE1,645.4859665568104
"A_Cushion_Position=(2.24, 15.07]","VALUE1=(30.999, 35.0]",VALUE5=18,592,366,61.82432432432432,12.171162030537031,335.92891894120555,medium,A_Cushion_Position,VALUE1,VALUE5,866.0347452392105
"A_Barrel_Temperature_4=(20.898999999999997, 32.6]","A_Hopper_Temperature=(15.299000000000001, 23.8]","A_Mold_Temperature_1=(91.2, 95.4]",1726,421,24.391657010428737,4.801909489699177,333.3265440752041,high,A_Barrel_Temperature_4,A_Hopper_Temperature,A_Mold_Temperature_1,586.0504251248723
"A_Cushion_Position=(2.24, 15.07]","VALUE3=(82.5, 512.0]",VALUE5=18,357,347,97.19887955182072,19.13524045982029,328.8659190236662,medium,A_Cushion_Position,VALUE3,VALUE5,987.4105612303237
"A_Average_Back_Pressure=(112.0, 117.0]","VALUE3=(82.5, 512.0]",VALUE5=18,344,341,99.12790697674419,19.51500207641196,323.52626370907893,medium,A_Average_Back_Pressure,VALUE3,VALUE5,977.4234509430747
"A_Barrel_Temperature_4=(20.898999999999997, 32.6]","A_Hopper_Temperature=(15.299000000000001, 23.8]","A_Mold_Temperature_1=(61.599000000000004, 91.2]",2080,429,20.625,4.060379464285714,323.34485033396555,high,A_Barrel_Temperature_4,A_Hopper_Temperature,A_Mold_Temperature_1,524.284750551309
"A_Barrel_Temperature_4=(20.898999999999997, 32.6]","A_Mold_Temperature_1=(61.599000000000004, 91.2]","VALUE2=(0.999, 19.0]",1846,417,22.58938244853738,4.44710131417878,323.2310546713944,high,A_Barrel_Temperature_4,A_Mold_Temperature_1,VALUE2,547.9036592103403
"A_Average_Back_Pressure=(112.0, 117.0]","VALUE2=(0.999, 19.0]",VALUE5=18,477,345,72.32704402515722,14.238799722290288,320.77042961985654,medium,A_Average_Back_Pressure,VALUE2,VALUE5,873.7288631138036
"A_Average_Back_Pressure=(112.0, 117.0]","S_Inj_Pressure_04=(3.5, 4.0]",VALUE5=18,469,344,73.34754797441366,14.439703153988871,320.1767955801105,medium,A_Average_Back_Pressure,S_Inj_Pressure_04,VALUE5,876.3054212677964
"A_Average_Back_Pressure=(112.0, 117.0]","VALUE1=(30.999, 35.0]",VALUE5=18,468,343,73.29059829059828,14.428491647241648,319.22759132514227,medium,A_Average_Back_Pressure,VALUE1,VALUE5,873.4756133510108
"A_Cushion_Position=(2.24, 15.07]","S_Inj_Pressure_04=(3.5, 4.0]",VALUE5=18,567,347,61.19929453262787,12.048114363590555,318.19881256699927,medium,A_Cushion_Position,S_Inj_Pressure_04,VALUE5,817.339353011048
"A_Average_Back_Pressure=(112.0, 117.0]","A_Barrel_Temperature_4=(20.898999999999997, 32.6]","A_Mold_Temperature_1=(91.2, 95.4]",927,363,39.15857605177994,7.70902681460934,315.9123443555702,medium,A_Average_Back_Pressure,A_Barrel_Temperature_4,A_Mold_Temperature_1,683.7480582652847
"A_Average_Back_Pressure=(112.0, 117.0]","A_Mold_Temperature_1=(91.2, 95.4]","VALUE3=(82.5, 512.0]",1357,380,28.002947678703023,5.512853027591421,311.07017399191886,high,A_Average_Back_Pressure,A_Mold_Temperature_1,VALUE3,582.876328191979
"A_Average_Back_Pressure=(112.0, 117.0]","A_Hopper_Temperature=(15.299000000000001, 23.8]","A_Mold_Temperature_1=(61.599000000000004, 91.2]",829,347,41.857659831121836,8.240387025519716,304.8903273686815,medium,A_Average_Back_Pressure,A_Hopper_Temperature,A_Mold_Temperature_1,677.9491837667392
"A_Average_Back_Pressure=(112.0, 117.0]","A_Mold_Temperature_1=(91.2, 95.4]","VALUE1=(30.999, 35.0]",1559,380,24.374599101988455,4.798551352432045,300.8094334955059,high,A_Average_Back_Pressure,A_Mold_Temperature_1,VALUE1,528.7051027439389
"A_Mold_Temperature_1=(91.2, 95.4]","VALUE3=(82.5, 512.0]",VALUE5=18,314,314,100.0,19.686688311688314,298.0501360600313,medium,A_Mold_Temperature_1,VALUE3,VALUE5,902.9400308836653
"A_Mold_Temperature_1=(91.2, 95.4]","S_Inj_Pressure_04=(3.5, 4.0]",VALUE5=18,486,316,65.02057613168725,12.800398161509275,291.3132679145708,medium,A_Mold_Temperature_1,S_Inj_Pressure_04,VALUE5,764.609189707465
"A_Average_Back_Pressure=(112.0, 117.0]","A_Cushion_Position=(2.24, 15.07]","S_Inj_Pressure_04=(3.5, 4.0]",457,314,68.7089715536105,13.526521071925886,290.78634452049147,medium,A_Average_Back_Pressure,A_Cushion_Position,S_Inj_Pressure_04,778.1372843609117
"A_Mold_Temperature_1=(61.599000000000004, 91.2]","VALUE2=(0.999, 19.0]","VALUE3=(82.5, 512.0]",318,306,96.22641509433963,18.943794413134036,289.8469530799043,medium,A_Mold_Temperature_1,VALUE2,VALUE3,867.4881741211279
"A_Barrel_Temperature_4=(20.898999999999997, 32.6]","A_Mold_Temperature_1=(61.599000000000004, 91.2]","VALUE3=(82.5, 512.0]",319,306,95.92476489028213,18.884409477669667,289.7961573348726,medium,A_Barrel_Temperature_4,A_Mold_Temperature_1,VALUE3,866.4719580710968
"A_Average_Back_Pressure=(112.0, 117.0]","A_Hopper_Temperature=(15.299000000000001, 23.8]","A_Mold_Temperature_1=(91.2, 95.4]",676,324,47.928994082840234,9.435631676016293,289.6620763585388,medium,A_Average_Back_Pressure,A_Hopper_Temperature,A_Mold_Temperature_1,679.3230538510413
"A_Mold_Temperature_1=(61.599000000000004, 91.2]","S_Inj_Pressure_04=(3.5, 4.0]","VALUE3=(82.5, 512.0]",317,305,96.21451104100946,18.94145089925847,288.8977488249361,medium,A_Mold_Temperature_1,S_Inj_Pressure_04,VALUE3,864.6133343948179
"A_Cushion_Position=(2.24, 15.07]","VALUE2=(0.999, 19.0]",VALUE5=18,1528,366,23.95287958115183,4.715528744815394,288.3841015914901,high,A_Cushion_Position,VALUE2,VALUE5,502.7073626112223
"A_Mold_Temperature_1=(91.2, 95.4]","VALUE1=(30.999, 35.0]",VALUE5=18,518,314,60.61776061776062,11.93362959434388,287.6878040735549,medium,A_Mold_Temperature_1,VALUE1,VALUE5,736.4321202013648
"A_Hopper_Temperature=(15.299000000000001, 23.8]","A_Mold_Temperature_1=(61.599000000000004, 91.2]","VALUE3=(82.5, 512.0]",369,306,82.92682926829268,16.3255464048147,287.2563700832852,medium,A_Hopper_Temperature,A_Mold_Temperature_1,VALUE3,819.3074720067632
"A_Cushion_Position=(2.24, 15.07]","A_Hopper_Temperature=(15.299000000000001, 23.8]",VALUE5=18,1549,365,23.56358941252421,4.638890402689628,286.3173909458234,high,A_Cushion_Position,A_Hopper_Temperature,VALUE5,495.23955747726956
"A_Average_Back_Pressure=(112.0, 117.0]","A_Mold_Temperature_1=(61.599000000000004, 91.2]","VALUE1=(30.999, 35.0]",1016,331,32.57874015748031,6.413675030677983,279.3915230477447,high,A_Average_Back_Pressure,A_Mold_Temperature_1,VALUE1,559.7123782732249
"A_Mold_Temperature_1=(91.2, 95.4]","VALUE2=(0.999, 19.0]",VALUE5=18,723,316,43.706777316735824,8.60441702142947,279.2746763420467,medium,A_Mold_Temperature_1,VALUE2,VALUE5,631.7816238024224
"A_Mold_Temperature_1=(61.599000000000004, 91.2]","S_Inj_Pressure_04=(3.5, 4.0]","VALUE1=(30.999, 35.0]",865,323,37.34104046242774,7.351214248179566,279.0616805475386,medium,A_Mold_Temperature_1,S_Inj_Pressure_04,VALUE1,592.2824495009231
"A_Average_Back_Pressure=(112.0, 117.0]","A_Cushion_Position=(2.24, 15.07]","A_Hopper_Temperature=(15.299000000000001, 23.8]",826,321,38.86198547215496,7.6506379516367415,279.0427146037767,medium,A_Average_Back_Pressure,A_Cushion_Position,A_Hopper_Temperature,602.071788932217
"A_Average_Back_Pressure=(112.0, 117.0]","A_Barrel_Temperature_4=(20.898999999999997, 32.6]",VALUE5=18,813,320,39.36039360393604,7.748758007060591,278.7030592891894,medium,A_Average_Back_Pressure,A_Barrel_Temperature_4,VALUE5,604.4823395640283
"A_Cushion_Position=(2.24, 15.07]","A_Hopper_Temperature=(15.299000000000001, 23.8]","A_Mold_Temperature_1=(61.599000000000004, 91.2]",1705,364,21.348973607038126,4.202905891762197,277.3932547208708,high,A_Cushion_Position,A_Hopper_Temperature,A_Mold_Temperature_1,457.48175315804275
"A_Barrel_Temperature_4=(20.898999999999997, 32.6]","A_Cushion_Position=(2.24, 15.07]",VALUE5=18,1512,354,23.41269841269841,4.609184961863534,277.196833511998,high,A_Barrel_Temperature_4,A_Cushion_Position,VALUE5,477.9997237475374
"A_Barrel_Temperature_4=(20.898999999999997, 32.6]","A_Mold_Temperature_1=(61.599000000000004, 91.2]","VALUE1=(30.999, 35.0]",1257,341,27.128082736674624,5.3406210933060585,277.1497484950936,high,A_Barrel_Temperature_4,A_Mold_Temperature_1,VALUE1,511.8891356123373
"A_Average_Back_Pressure=(112.0, 117.0]","A_Cushion_Position=(2.24, 15.07]","VALUE2=(0.999, 19.0]",749,315,42.05607476635514,8.279448355382936,276.95398697122124,medium,A_Average_Back_Pressure,A_Cushion_Position,VALUE2,616.9986739352166
"A_Average_Back_Pressure=(112.0, 117.0]","A_Cushion_Position=(2.24, 15.07]","VALUE3=(82.5, 512.0]",373,295,79.08847184986595,15.569900943560462,276.0531871031582,medium,A_Average_Back_Pressure,A_Cushion_Position,VALUE3,775.0435749925531
"A_Cushion_Position=(2.24, 15.07]","A_Mold_Temperature_1=(61.599000000000004, 91.2]","VALUE1=(30.999, 35.0]",822,316,38.44282238442822,7.568118621038329,274.2458975839037,medium,A_Cushion_Position,A_Mold_Temperature_1,VALUE1,589.0934005491673
"A_Average_Back_Pressure=(112.0, 117.0]","A_Cushion_Position=(2.24, 15.07]","VALUE1=(30.999, 35.0]",822,314,38.19951338199513,7.520219136095049,272.2458975839037,medium,A_Average_Back_Pressure,A_Cushion_Position,VALUE1,583.271061839343
"A_Mold_Temperature_1=(61.599000000000004, 91.2]","VALUE1=(30.999, 35.0]","VALUE3=(82.5, 512.0]",680,306,45.0,8.859009740259742,271.4588933784118,medium,A_Mold_Temperature_1,VALUE1,VALUE3,621.2026583091227
"A_Cushion_Position=(2.24, 15.07]","A_Mold_Temperature_1=(61.599000000000004, 91.2]","S_Inj_Pressure_04=(3.5, 4.0]",599,297,49.58263772954925,9.761179346529932,266.57334872598335,medium,A_Cushion_Position,A_Mold_Temperature_1,S_Inj_Pressure_04,633.3636559373921
"A_Mold_Temperature_1=(61.599000000000004, 91.2]","VALUE1=(30.999, 35.0]","VALUE2=(0.999, 19.0]",1494,342,22.89156626506024,4.506591300265999,266.1111569225695,high,A_Mold_Temperature_1,VALUE1,VALUE2,453.9712086061049
"A_Cushion_Position=(2.24, 15.07]","A_Mold_Temperature_1=(61.599000000000004, 91.2]","VALUE3=(82.5, 512.0]",307,278,90.55374592833876,17.827033715470197,262.4057062752536,medium,A_Cushion_Position,A_Mold_Temperature_1,VALUE3,770.2378428574223
"A_Cushion_Position=(2.24, 15.07]","A_Mold_Temperature_1=(91.2, 95.4]","VALUE3=(82.5, 512.0]",335,277,82.68656716417911,16.278246753246755,259.98342541436466,medium,A_Cushion_Position,A_Mold_Temperature_1,VALUE3,740.8093288444363
"A_Cushion_Position=(2.24, 15.07]","A_Mold_Temperature_1=(91.2, 95.4]","S_Inj_Pressure_04=(3.5, 4.0]",467,278,59.52890792291221,11.719270558135657,254.278387070174,medium,A_Cushion_Position,A_Mold_Temperature_1,S_Inj_Pressure_04,646.6599966207604
"A_Cushion_Position=(2.24, 15.07]","A_Mold_Temperature_1=(61.599000000000004, 91.2]","VALUE2=(0.999, 19.0]",1235,316,25.587044534412957,5.037241705662758,253.26725488579206,high,A_Cushion_Position,A_Mold_Temperature_1,VALUE2,455.36116099069176
"A_Average_Back_Pressure=(112.0, 117.0]","A_Mold_Temperature_1=(61.599000000000004, 91.2]","S_Inj_Pressure_04=(3.5, 4.0]",340,270,79.41176470588235,15.633546600458365,252.7294466892059,medium,A_Average_Back_Pressure,A_Mold_Temperature_1,S_Inj_Pressure_04,710.5290091220211
"A_Barrel_Temperature_4=(20.898999999999997, 32.6]","A_Cushion_Position=(2.24, 15.07]","A_Mold_Temperature_1=(61.599000000000004, 91.2]",1473,324,21.9959266802444,4.330269526807205,249.17786756823617,high,A_Barrel_Temperature_4,A_Cushion_Position,A_Mold_Temperature_1,416.97469330004725
"A_Cushion_Position=(2.24, 15.07]","A_Mold_Temperature_1=(91.2, 95.4]","VALUE1=(30.999, 35.0]",616,277,44.967532467532465,8.852617958340362,245.70982106044363,medium,A_Cushion_Position,A_Mold_Temperature_1,VALUE1,562.1194986455138
"A_Average_Back_Pressure=(112.0, 117.0]","A_Barrel_Temperature_4=(20.898999999999997, 32.6]","A_Cushion_Position=(2.24, 15.07]",632,276,43.67088607594937,8.597351224724642,243.89708913993567,medium,A_Average_Back_Pressure,A_Barrel_Temperature_4,A_Cushion_Position,551.5701321127086
"A_Average_Back_Pressure=(112.0, 117.0]","A_Mold_Temperature_1=(61.599000000000004, 91.2]","VALUE2=(0.999, 19.0]",552,271,49.094202898550726,9.665022703745532,242.96074874247546,medium,A_Average_Back_Pressure,A_Mold_Temperature_1,VALUE2,575.0806772887049
"A_Barrel_Temperature_4=(20.898999999999997, 32.6]","A_Mold_Temperature_1=(91.2, 95.4]",VALUE5=18,810,283,34.93827160493827,6.878188632355299,241.85544652428467,medium,A_Barrel_Temperature_4,A_Mold_Temperature_1,VALUE5,499.21334550487177
"A_Average_Back_Pressure=(112.0, 117.0]","A_Hopper_Temperature=(15.299000000000001, 23.8]",VALUE5=18,702,277,39.45868945868946,7.768109205609207,241.34138698771338,medium,A_Average_Back_Pressure,A_Hopper_Temperature,VALUE5,523.9813981418804
"A_Mold_Temperature_1=(61.599000000000004, 91.2]","VALUE1=(30.999, 35.0]",VALUE5=18,452,264,58.4070796460177,11.49841972187105,241.0403232456502,medium,A_Mold_Temperature_1,VALUE1,VALUE5,608.771974068392
"A_Cushion_Position=(2.24, 15.07]","A_Mold_Temperature_1=(91.2, 95.4]","VALUE2=(0.999, 19.0]",837,277,33.09438470728793,6.515188365994818,234.4839614084275,medium,A_Cushion_Position,A_Mold_Temperature_1,VALUE2,472.9368190352625
"A_Mold_Temperature_1=(61.599000000000004, 91.2]","VALUE3=(82.5, 512.0]",VALUE5=18,255,245,96.07843137254902,18.914661319073087,232.04708501690442,low,A_Mold_Temperature_1,VALUE3,VALUE5,694.1586935246852
"A_Mold_Temperature_1=(61.599000000000004, 91.2]","VALUE2=(0.999, 19.0]",VALUE5=18,716,267,37.290502793296085,7.341265054777625,230.6302465572689,medium,A_Mold_Temperature_1,VALUE2,VALUE5,489.21631310304093
"A_Hopper_Temperature=(15.299000000000001, 23.8]","A_Mold_Temperature_1=(61.599000000000004, 91.2]",VALUE5=18,779,269,34.53145057766367,6.79809904472934,229.43011462026882,medium,A_Hopper_Temperature,A_Mold_Temperature_1,VALUE5,471.22192193006646
"A_Mold_Temperature_1=(61.599000000000004, 91.2]","S_Inj_Pressure_04=(3.5, 4.0]",VALUE5=18,416,248,59.61538461538461,11.736294955044956,226.8689700667931,medium,A_Mold_Temperature_1,S_Inj_Pressure_04,VALUE5,577.2580640023577
"A_Barrel_Temperature_4=(20.898999999999997, 32.6]","A_Mold_Temperature_1=(61.599000000000004, 91.2]",VALUE5=18,772,265,34.32642487046632,6.757736272794563,225.78568483549105,medium,A_Barrel_Temperature_4,A_Mold_Temperature_1,VALUE5,462.56500431491025
"A_Average_Back_Pressure=(112.0, 117.0]","A_Barrel_Temperature_4=(20.898999999999997, 32.6]","A_Mold_Temperature_1=(61.599000000000004, 91.2]",608,246,40.46052631578947,7.965337705058101,215.11618702069762,medium,A_Average_Back_Pressure,A_Barrel_Temperature_4,A_Mold_Temperature_1,471.82848239381985
"A_Cushion_Position=(2.24, 15.07]","A_Hopper_Temperature=(15.299000000000001, 23.8]","A_Mold_Temperature_1=(91.2, 95.4]",1290,276,21.3953488372093,4.212035638779825,210.47348890904595,high,A_Cushion_Position,A_Hopper_Temperature,A_Mold_Temperature_1,347.48552060445905
"A_Cushion_Position=(2.24, 15.07]","A_Mold_Temperature_1=(61.599000000000004, 91.2]",VALUE5=18,641,237,36.973478939157566,7.278853556739673,204.43992743464997,medium,A_Cushion_Position,A_Mold_Temperature_1,VALUE5,432.12559449195015
"A_Average_Back_Pressure=(112.0, 117.0]","A_Mold_Temperature_1=(91.2, 95.4]",VALUE5=18,412,225,54.61165048543689,10.751225412936579,204.0721530469201,medium,A_Average_Back_Pressure,A_Mold_Temperature_1,VALUE5,502.8251172684114
"A_Hopper_Temperature=(15.299000000000001, 23.8]","A_Mold_Temperature_1=(91.2, 95.4]",VALUE5=18,778,235,30.205655526992288,5.946493256101226,195.4809103653006,medium,A_Hopper_Temperature,A_Mold_Temperature_1,VALUE5,378.88832637735675
"S_Inj_Pressure_04=(3.5, 4.0]","VALUE1=(40.0, 99.0]","VALUE2=(0.999, 19.0]",208,205,98.5576923076923,19.402745691808192,194.43448503339656,low,S_Inj_Pressure_04,VALUE1,VALUE2,586.3501432553395
"A_Barrel_Temperature_4=(20.898999999999997, 32.6]","A_Cushion_Position=(2.24, 15.07]","A_Mold_Temperature_1=(91.2, 95.4]",1146,230,20.069808027923212,3.9510805512114415,171.78807619361754,high,A_Barrel_Temperature_4,A_Cushion_Position,A_Mold_Temperature_1,274.7932109407464
"A_Average_Back_Pressure=(112.0, 117.0]","A_Cushion_Position=(2.24, 15.07]",VALUE5=18,272,173,63.60294117647059,12.521312786478228,159.18355735136473,low,A_Average_Back_Pressure,A_Cushion_Position,VALUE5,414.55651169645824
"A_Average_Back_Pressure=(112.0, 117.0]","A_Cushion_Position=(2.24, 15.07]","A_Mold_Temperature_1=(91.2, 95.4]",379,175,46.17414248021108,9.090159510674024,155.74841263296776,medium,A_Average_Back_Pressure,A_Cushion_Position,A_Mold_Temperature_1,360.02190085658833
"A_Hopper_Temperature=(15.299000000000001, 23.8]","VALUE1=(40.0, 99.0]","VALUE2=(0.999, 19.0]",766,191,24.934725848563968,4.908821759180768,152.09045930568155,medium,A_Hopper_Temperature,VALUE1,VALUE2,270.1805561494947
"A_Barrel_Temperature_4=(20.898999999999997, 32.6]","VALUE2=(0.999, 19.0]",VALUE5=17,342,160,46.783625730994146,9.210146578567631,142.6278551991424,medium,A_Barrel_Temperature_4,VALUE2,VALUE5,331.3789898204364
"A_Hopper_Temperature=(15.299000000000001, 23.8]","VALUE2=(0.999, 19.0]",VALUE5=17,311,155,49.839228295819936,9.811693531548839,139.20252329512658,medium,A_Hopper_Temperature,VALUE2,VALUE5,331.3894639933245
"A_Barrel_Temperature_4=(20.898999999999997, 32.6]","A_Hopper_Temperature=(15.299000000000001, 23.8]",VALUE5=17,309,154,49.83818770226537,9.81148867313916,138.30411478519008,medium,A_Barrel_Temperature_4,A_Hopper_Temperature,VALUE5,329.2480666938157
"A_Average_Back_Pressure=(112.0, 117.0]","VALUE1=(40.0, 99.0]","VALUE2=(0.999, 19.0]",299,149,49.83277591973244,9.810423272379795,133.81207223550754,low,A_Average_Back_Pressure,VALUE1,VALUE2,318.5410813227319
"A_Average_Back_Pressure=(112.0, 117.0]","A_Cushion_Position=(2.24, 15.07]","A_Mold_Temperature_1=(61.599000000000004, 91.2]",347,148,42.65129682997118,8.396627867809425,130.37387647398367,medium,A_Average_Back_Pressure,A_Cushion_Position,A_Mold_Temperature_1,292.0832298584206
"A_Average_Back_Pressure=(112.0, 117.0]","A_Hopper_Temperature=(15.299000000000001, 23.8]","VALUE1=(40.0, 99.0]",235,140,59.57446808510638,11.728239845261122,128.06299991753937,low,A_Average_Back_Pressure,A_Hopper_Temperature,VALUE1,325.7696218977665
"A_Average_Back_Pressure=(112.0, 117.0]","A_Mold_Temperature_1=(61.599000000000004, 91.2]","VALUE3=(82.5, 512.0]",493,144,29.20892494929006,5.750270013961698,118.95769769934856,medium,A_Average_Back_Pressure,A_Mold_Temperature_1,VALUE3,227.1595384988864
"A_Hopper_Temperature=(15.299000000000001, 23.8]","A_Mold_Temperature_1=(61.599000000000004, 91.2]","VALUE1=(40.0, 99.0]",463,140,30.237580993520517,5.95277832318869,116.48157005030099,medium,A_Hopper_Temperature,A_Mold_Temperature_1,VALUE1,225.87422764937858
"A_Mold_Temperature_1=(61.599000000000004, 91.2]","VALUE1=(40.0, 99.0]","VALUE2=(0.999, 19.0]",466,140,30.042918454935624,5.914455715957863,116.32918281520574,medium,A_Mold_Temperature_1,VALUE1,VALUE2,224.9357657433035
"A_Average_Back_Pressure=(112.0, 117.0]","A_Mold_Temperature_1=(61.599000000000004, 91.2]",VALUE5=18,223,126,56.502242152466366,11.123420301671423,114.67254885792035,low,A_Average_Back_Pressure,A_Mold_Temperature_1,VALUE5,286.1239653904899
"A_Cushion_Position=(2.24, 15.07]","A_Mold_Temperature_1=(91.2, 95.4]",VALUE5=18,444,130,29.27927927927928,5.764120451620452,107.44668920590418,medium,A_Cushion_Position,A_Mold_Temperature_1,VALUE5,205.39855501981697
"A_Average_Back_Pressure=(112.0, 117.0]","A_Mold_Temperature_1=(61.599000000000004, 91.2]","VALUE1=(40.0, 99.0]",462,109,23.593073593073594,4.644694861415641,85.53236579533274,medium,A_Average_Back_Pressure,A_Mold_Temperature_1,VALUE1,148.03224610057296
"A_Barrel_Temperature_4=(20.898999999999997, 32.6]","VALUE1=(40.0, 99.0]","VALUE2=(0.999, 19.0]",770,117,15.194805194805195,2.9913539382695227,77.88727632555455,medium,A_Barrel_Temperature_4,VALUE1,VALUE2,107.80615521022361
"A_Average_Back_Pressure=(112.0, 117.0]","A_Barrel_Temperature_4=(20.898999999999997, 32.6]","VALUE1=(40.0, 99.0]",223,88,39.46188340807175,7.7687379884689305,76.67254885792035,low,A_Average_Back_Pressure,A_Barrel_Temperature_4,VALUE1,166.4708933261965
"A_Barrel_Temperature_4=(20.898999999999997, 32.6]","A_Hopper_Temperature=(15.299000000000001, 23.8]","VALUE1=(40.0, 99.0]",648,103,15.895061728395063,3.129211259419593,70.08435721942772,medium,A_Barrel_Temperature_4,A_Hopper_Temperature,VALUE1,99.38567455347248
"A_Cushion_Position=(2.24, 15.07]","A_Hopper_Temperature=(15.299000000000001, 23.8]",VALUE5=17,234,80,34.18803418803419,6.730491730491731,68.11379566257112,low,A_Cushion_Position,A_Hopper_Temperature,VALUE5,139.30445997751562
"A_Barrel_Temperature_4=(20.898999999999997, 32.6]","A_Cushion_Position=(2.24, 15.07]",VALUE5=17,259,80,30.888030888030887,6.080830366544652,66.84390203677744,low,A_Barrel_Temperature_4,A_Cushion_Position,VALUE5,130.83966456690536
"A_Cushion_Position=(2.24, 15.07]","VALUE2=(0.999, 19.0]",VALUE5=17,260,80,30.76923076923077,6.057442557442558,66.79310629174569,low,A_Cushion_Position,VALUE2,VALUE5,130.5192562819675
"A_Barrel_Temperature_4=(20.898999999999997, 32.6]","A_Mold_Temperature_1=(61.599000000000004, 91.2]","VALUE1=(40.0, 99.0]",394,76,19.289340101522843,3.7974322631683037,55.98647645749155,medium,A_Barrel_Temperature_4,A_Mold_Temperature_1,VALUE1,87.79132045020016
"A_Mold_Temperature_1=(91.2, 95.4]","VALUE1=(40.0, 99.0]","VALUE2=(0.999, 19.0]",253,65,25.691699604743086,5.057844823161029,52.148676506967924,low,A_Mold_Temperature_1,VALUE1,VALUE2,93.93823208333522
"A_Barrel_Temperature_4=(20.898999999999997, 32.6]","A_Mold_Temperature_1=(91.2, 95.4]","VALUE1=(40.0, 99.0]",237,41,17.29957805907173,3.40571401172667,28.96140842747588,low,A_Barrel_Temperature_4,A_Mold_Temperature_1,VALUE1,42.9469402529674
"A_Average_Back_Pressure=(112.0, 117.0]","A_Mold_Temperature_1=(91.2, 95.4]","VALUE1=(40.0, 99.0]",402,40,9.950248756218906,1.958874458874459,19.58011049723757,medium,A_Average_Back_Pressure,A_Mold_Temperature_1,VALUE1,21.24067902406627
